<project basedir="." default="dist" name="teitohtml">
  <!--
	This library is free software; you can redistribute it and/or
	modify it under the terms of the GNU Lesser General Public
	License as published by the Free Software Foundation; either
	version 2.1 of the License, or (at your option) any later version.
	
	This library is distributed in the hope that it will be useful,
	but WITHOUT ANY WARRANTY; without even the implied warranty of
	MERCHANTABILITY or FITNESS FOR A PARTICULAR PURPOSE.  See the GNU
	Lesser General Public License for more details.
	
	You should have received a copy of the GNU Lesser General Public
	License along with this library; if not, write to the Free Software
	Foundation, Inc., 59 Temple Place, Suite 330, Boston, MA  02111-1307  USA
	
        Id: $Id: build-to.xml 11933 2013-04-14 14:45:01Z rahtz $
        Copyright: 2011, TEI Consortium<
-->
  <!--
 Convert TEI documents into HTML files.
 -->
  <import file="../common/teianttasks.xml"/>

  <property name="teitohtml" value="${profiledir}/${profile}/html/to.xsl"/>

  <target name="dist" depends="odd,notodd,oddcleanup"/>

  <target name="odd" if="processODD">
    <odd2lite in="${inputFile}" out="${inputFile}.processedodd"/>
    <buildhtml in="${inputFile}.processedodd" out="${outputFile}"/>
  </target>

  <target name="notodd" unless="processODD">
    <buildhtml in="${inputFile}" out="${outputFile}"/>
  </target>

</project>