<project basedir="." default="dist" name="htmltotei">
  <!--
	This library is free software; you can redistribute it and/or
	modify it under the terms of the GNU Lesser General Public
	License as published by the Free Software Foundation; either
	version 2.1 of the License, or (at your option) any later version.
	
	This library is distributed in the hope that it will be useful,
	but WITHOUT ANY WARRANTY; without even the implied warranty of
	MERCHANTABILITY or FITNESS FOR A PARTICULAR PURPOSE.  See the GNU
	Lesser General Public License for more details.
	
	You should have received a copy of the GNU Lesser General Public
	License along with this library; if not, write to the Free Software
	Foundation, Inc., 59 Temple Place, Suite 330, Boston, MA  02111-1307  USA
	
        Id: $Id: build-to.xml 11933 2013-04-14 14:45:01Z rahtz $
        Copyright: 2011, TEI Consortium<
-->
  <!--
 Convert TEI documents into TXT files.
 -->
  <property name="htmltotei" value="${profiledir}/${profile}/html/from.xsl"/>

<target name="dist">
  <xslt force="yes" style="${htmltotei}" in="${inputFile}" out="${outputFile}">
    <xmlcatalog>
      <catalogpath>
        <pathelement location="$catalogfile"/>
      </catalogpath>
    </xmlcatalog>
  </xslt>
</target>  
</project>